{
    "total_trades": 78,
    "winning_trades": 41,
    "losing_trades": 37,
    "win_rate": 52.56410256410257,
    "initial_balance": 10000,
    "final_balance": 10665.630419334699,
    "absolute_return": 665.6304193346987,
    "percent_return": 6.656304193346996,
    "annual_return": 13.87723833148302,
    "volatility": 12.506491493234837,
    "max_drawdown": 27.214394323183143,
    "sharpe_ratio": 1.1080036586582933,
    "calmar_ratio": 0.5099227330465117,
    "avg_profit": 8.533723324803828,
    "avg_profit_percent": 0.14415804444758765,
    "avg_win": 246.7212010943133,
    "avg_win_percent": 2.293054536171963,
    "max_win": 1779.9136876252596,
    "max_win_percent": 16.655916495780197,
    "avg_loss": -255.40375204140938,
    "avg_loss_percent": -2.2370515815172602,
    "max_loss": -1258.3822906066398,
    "max_loss_percent": -10.328308446337031,
    "profit_factor": 1.0704375373876789
}