{
    "total_trades": 33,
    "winning_trades": 14,
    "losing_trades": 19,
    "win_rate": 42.42424242424242,
    "initial_balance": 10000,
    "final_balance": 19854.06922101819,
    "absolute_return": 9854.069221018191,
    "percent_return": 98.54069221018192,
    "annual_return": 298.69041607034023,
    "volatility": 12.415918506853933,
    "max_drawdown": 18.87103992851712,
    "sharpe_ratio": 24.055442688792283,
    "calmar_ratio": 15.827978595868045,
    "avg_profit": 296.42051432519446,
    "avg_profit_percent": 2.3929218956343132,
    "avg_win": 1118.1002375903822,
    "avg_win_percent": 8.504309503502016,
    "max_win": 4214.900107978774,
    "max_win_percent": 31.384889024035132,
    "avg_loss": -309.0277028175754,
    "avg_loss_percent": -2.110205815426099,
    "max_loss": -783.6131824759905,
    "max_loss_percent": -5.004260442449137,
    "profit_factor": 2.665985364579678
}