{
    "total_trades": 180,
    "winning_trades": 73,
    "losing_trades": 107,
    "win_rate": 40.55555555555556,
    "initial_balance": 10000,
    "final_balance": 5254.4033493980605,
    "absolute_return": -4745.5966506019395,
    "percent_return": -47.4559665060194,
    "annual_return": -72.684157046163,
    "volatility": 6.335229561443081,
    "max_drawdown": 47.68741375089079,
    "sharpe_ratio": -11.476167728577455,
    "calmar_ratio": -1.5241790512240825,
    "avg_profit": -26.36442583667744,
    "avg_profit_percent": -0.33918981075124766,
    "avg_win": 81.48746699029684,
    "avg_win_percent": 1.1571042687922173,
    "max_win": 331.05519918725076,
    "max_win_percent": 4.774486594497551,
    "avg_loss": -99.94562374666927,
    "avg_loss_percent": -1.3600259584771628,
    "max_loss": -575.5283113500227,
    "max_loss_percent": -7.6679081902043205,
    "profit_factor": 0.5562449969916634
}