{
    "total_trades": 114,
    "winning_trades": 24,
    "losing_trades": 90,
    "win_rate": 21.052631578947366,
    "initial_balance": 10000,
    "final_balance": 7040.50122961603,
    "absolute_return": -2959.4987703839697,
    "percent_return": -29.594987703839692,
    "annual_return": -50.71880278773694,
    "volatility": 6.189436208993255,
    "max_drawdown": 38.406048256736916,
    "sharpe_ratio": -8.197645322527668,
    "calmar_ratio": -1.320594153522166,
    "avg_profit": -25.960515529683946,
    "avg_profit_percent": -0.27150611193728796,
    "avg_win": 323.02038116046043,
    "avg_win_percent": 3.6508125148195236,
    "max_win": 1393.4481219569807,
    "max_win_percent": 15.3803925396349,
    "avg_loss": -119.02208798038906,
    "avg_loss_percent": -1.3174577457391046,
    "max_loss": -322.0297459475132,
    "max_loss_percent": -3.471860263014559,
    "profit_factor": 0.7237208636740514
}