{
    "total_trades": 711,
    "winning_trades": 175,
    "losing_trades": 536,
    "win_rate": 24.613220815752463,
    "initial_balance": 10000,
    "final_balance": 717.5468821327958,
    "absolute_return": -9282.453117867204,
    "percent_return": -92.82453117867205,
    "annual_return": -99.50712503878997,
    "volatility": 3.5190705513933467,
    "max_drawdown": 92.95480485927048,
    "sharpe_ratio": -28.282219292075013,
    "calmar_ratio": -1.0704893113318823,
    "avg_profit": -13.055489617253475,
    "avg_profit_percent": -0.36381590626951665,
    "avg_win": 23.629315480649755,
    "avg_win_percent": 0.6942982448278282,
    "max_win": 367.08683656436415,
    "max_win_percent": 9.339815451192802,
    "avg_loss": -25.032804714516647,
    "avg_loss_percent": -0.7092822802285387,
    "max_loss": -627.4265546718234,
    "max_loss_percent": -6.471928922741032,
    "profit_factor": 0.30818740665455946
}