{
    "total_trades": 388,
    "winning_trades": 72,
    "losing_trades": 316,
    "win_rate": 18.556701030927837,
    "initial_balance": 10000,
    "final_balance": 3079.1872950293446,
    "absolute_return": -6920.812704970655,
    "percent_return": -69.20812704970656,
    "annual_return": -90.70192055138222,
    "volatility": 3.226517631460631,
    "max_drawdown": 72.18150833243848,
    "sharpe_ratio": -28.1175964038705,
    "calmar_ratio": -1.2565811195527572,
    "avg_profit": -17.949286474978738,
    "avg_profit_percent": -0.2966386097036695,
    "avg_win": 126.17396641751037,
    "avg_win_percent": 1.9151486138596152,
    "max_win": 704.0579333713786,
    "max_win_percent": 10.298222973771987,
    "avg_loss": -50.78749599478637,
    "avg_loss_percent": -0.80059012899657,
    "max_loss": -265.94810997364493,
    "max_loss_percent": -3.2691933502740356,
    "profit_factor": 0.5660546580276103
}